{
    "options": [
        {
            "enabled": true,
            "definition": {
                "id": "5d58cc01-7c75-450c-be18-a388ddb129ec"
            },
            "inputs": {
                "branchFilters": "[\"+refs/heads/*\"]",
                "additionalFields": "{}"
            }
        },
        {
            "enabled": false,
            "definition": {
                "id": "a9db38f9-9fdc-478c-b0f9-464221e58316"
            },
            "inputs": {
                "workItemType": "61",
                "assignToRequestor": "true",
                "additionalFields": "{}"
            }
        }
    ],
    "triggers": [
        {
            "branchFilters": [
                "+refs/heads/master"
            ],
            "pathFilters": [
                
            ],
            "batchChanges": true,
            "maxConcurrentBuildsPerBranch": 1,
            "pollingInterval": 0,
            "triggerType": "continuousIntegration"
        }
    ],
    "variables": {
        "system.debug": {
            "value": "false",
            "allowOverride": true
        }
    },
    "retentionRules": [
        {
            "branches": [
                "+refs/heads/*"
            ],
            "artifacts": [
                
            ],
            "artifactTypesToDelete": [
                "FilePath",
                "SymbolStore"
            ],
            "daysToKeep": 10,
            "minimumToKeep": 1,
            "deleteBuildRecord": true,
            "deleteTestResults": true
        }
    ],
    "properties": {
        
    },
    "tags": [
        
    ],
    "_links": {
        "self": {
            "href": "https://dtsdemo.visualstudio.com/cab15b20-2305-4632-b3b2-c8c9c2b9f30d/_apis/build/Definitions/84?revision=3"
        },
        "web": {
            "href": "https://dtsdemo.visualstudio.com/cab15b20-2305-4632-b3b2-c8c9c2b9f30d/_build/definition?definitionId=84"
        },
        "editor": {
            "href": "https://dtsdemo.visualstudio.com/cab15b20-2305-4632-b3b2-c8c9c2b9f30d/_build/designer?id=84&_a=edit-build-definition"
        },
        "badge": {
            "href": "https://dtsdemo.visualstudio.com/cab15b20-2305-4632-b3b2-c8c9c2b9f30d/_apis/build/status/84"
        }
    },
    "buildNumberFormat": "$(date:yyyyMMdd)$(rev:.r)",
    "jobAuthorizationScope": "projectCollection",
    "jobTimeoutInMinutes": 60,
    "jobCancelTimeoutInMinutes": 5,
    "process": {
        "phases": [
            {
                "steps": [
                    {
                        "environment": {
                            
                        },
                        "enabled": true,
                        "continueOnError": false,
                        "alwaysRun": false,
                        "displayName": "Pending Tagging",
                        "timeoutInMinutes": 0,
                        "condition": "succeeded()",
                        "task": {
                            "id": "218eff04-a485-4087-b005-e1f04527654d",
                            "versionSpec": "1.*",
                            "definitionType": "task"
                        },
                        "inputs": {
                            "OutputVariable": "Tag",
                            "InitialVersionPrefix": "7.0.0",
                            "MasterBranchQualifier": "dev",
                            "ReleaseBranchQualifier": "rel",
                            "TagFormat": "afterBuildId",
                            "PendingTag": "true"
                        }
                    },
                    {
                        "environment": {
                            
                        },
                        "enabled": true,
                        "continueOnError": false,
                        "alwaysRun": false,
                        "displayName": "Run gradle",
                        "timeoutInMinutes": 0,
                        "condition": "succeeded()",
                        "task": {
                            "id": "d9bafed4-0b18-4f58-968d-86655b4d2ce9",
                            "versionSpec": "2.*",
                            "definitionType": "task"
                        },
                        "inputs": {
                            "script": "gradle clean build -Pversion=$(Tag)  -PbuildType=release",
                            "workingDirectory": "",
                            "failOnStderr": "false"
                        }
                    },
                    {
                        "environment": {
                            
                        },
                        "enabled": true,
                        "continueOnError": false,
                        "alwaysRun": false,
                        "displayName": "Copy Files to: build/libs",
                        "timeoutInMinutes": 0,
                        "condition": "succeeded()",
                        "task": {
                            "id": "5bfb729a-a7c8-4a78-a7c3-8d717bb7c13c",
                            "versionSpec": "2.*",
                            "definitionType": "task"
                        },
                        "inputs": {
                            "SourceFolder": "$(system.defaultworkingdirectory)/dar",
                            "Contents": "**",
                            "TargetFolder": "$(system.defaultworkingdirectory)/build/libs",
                            "CleanTargetFolder": "false",
                            "OverWrite": "false",
                            "flattenFolders": "false"
                        }
                    },
                    {
                        "environment": {
                            
                        },
                        "enabled": true,
                        "continueOnError": false,
                        "alwaysRun": false,
                        "displayName": "Replace tokens in deployit-manifest.xml",
                        "timeoutInMinutes": 0,
                        "condition": "succeeded()",
                        "task": {
                            "id": "a8515ec8-7254-4ffd-912c-86772e2b5962",
                            "versionSpec": "2.*",
                            "definitionType": "task"
                        },
                        "inputs": {
                            "rootDirectory": "$(system.defaultworkingdirectory)/build/libs/",
                            "targetFiles": "deployit-manifest.xml",
                            "encoding": "auto",
                            "writeBOM": "true",
                            "actionOnMissing": "warn",
                            "keepToken": "false",
                            "tokenPrefix": "@",
                            "tokenSuffix": "@",
                            "emptyValue": "(empty)",
                            "escapeChar": "",
                            "charsToEscape": ""
                        }
                    },
                    {
                        "environment": {
                            
                        },
                        "enabled": true,
                        "continueOnError": false,
                        "alwaysRun": false,
                        "displayName": "Archive $(system.defaultworkingdirectory)/build/libs/",
                        "timeoutInMinutes": 0,
                        "condition": "succeeded()",
                        "task": {
                            "id": "d8b84976-e99a-4b86-b885-4849694435b0",
                            "versionSpec": "2.*",
                            "definitionType": "task"
                        },
                        "inputs": {
                            "rootFolderOrFile": "$(system.defaultworkingdirectory)/build/libs/",
                            "includeRootFolder": "false",
                            "archiveType": "zip",
                            "tarCompression": "gz",
                            "archiveFile": "$(Build.ArtifactStagingDirectory)/Package.dar",
                            "replaceExistingArchive": "true"
                        }
                    },
                    {
                        "environment": {
                            
                        },
                        "enabled": true,
                        "continueOnError": false,
                        "alwaysRun": false,
                        "displayName": "Tagging",
                        "timeoutInMinutes": 0,
                        "condition": "succeeded()",
                        "task": {
                            "id": "218eff04-a485-4087-b005-e1f04527654d",
                            "versionSpec": "1.*",
                            "definitionType": "task"
                        },
                        "inputs": {
                            "OutputVariable": "Tag",
                            "InitialVersionPrefix": "7.0.0",
                            "MasterBranchQualifier": "dev",
                            "ReleaseBranchQualifier": "rel",
                            "TagFormat": "afterBuildId",
                            "PendingTag": "false"
                        }
                    },
                    {
                        "environment": {
                            
                        },
                        "enabled": true,
                        "continueOnError": false,
                        "alwaysRun": false,
                        "displayName": "Publish Artifact: drop",
                        "timeoutInMinutes": 0,
                        "task": {
                            "id": "2ff763a7-ce83-4e1f-bc89-0ae63477cebe",
                            "versionSpec": "1.*",
                            "definitionType": "task"
                        },
                        "inputs": {
                            "PathtoPublish": "$(Build.ArtifactStagingDirectory)",
                            "ArtifactName": "drop",
                            "ArtifactType": "Container",
                            "TargetPath": "\\\\my\\share\\$(Build.DefinitionName)\\$(Build.BuildNumber)",
                            "Parallel": "false",
                            "ParallelCount": "8"
                        }
                    }
                ],
                "name": "Phase 1",
                "refName": "Phase_1",
                "condition": "succeeded()",
                "target": {
                    "queue": {
                        "_links": {
                            "self": {
                                "href": "https://dtsdemo.visualstudio.com/_apis/build/Queues/43"
                            }
                        },
                        "id": 43,
                        "url": "https://dtsdemo.visualstudio.com/_apis/build/Queues/43",
                        "pool": null
                    },
                    "executionOptions": {
                        "type": 0
                    },
                    "allowScriptsAuthAccessOption": false,
                    "type": 1
                },
                "jobAuthorizationScope": "projectCollection",
                "jobCancelTimeoutInMinutes": 1
            }
        ],
        "type": 1
    },
    "repository": {
        "properties": {
            "cleanOptions": "0",
            "labelSources": "0",
            "labelSourcesFormat": "$(build.buildNumber)",
            "reportBuildStatus": "true",
            "gitLfsSupport": "false",
            "skipSyncSource": "false",
            "checkoutNestedSubmodules": "false",
            "fetchDepth": "0"
        },
        "id": "4f1f0b20-03eb-44b5-87d1-ff73b730cca1",
        "type": "TfsGit",
        "name": "readiness",
        "url": "https://dtsdemo.visualstudio.com/Eric%20Zions/_git/readiness",
        "defaultBranch": "refs/heads/master",
        "clean": "false",
        "checkoutSubmodules": false
    },
    "processParameters": {
        
    },
    "quality": "definition",
    "authoredBy": {
        "displayName": "Eric Amundson",
        "url": "https://app.vssps.visualstudio.com/A4db32c7f-b967-4efc-82f8-be77953f96f1/_apis/Identities/34cfc788-d82e-61e0-bf5d-9eabfb8194dc",
        "_links": {
            "avatar": {
                "href": "https://dtsdemo.visualstudio.com/_apis/GraphProfile/MemberAvatars/aad.MzRjZmM3ODgtZDgyZS03MWUwLWJmNWQtOWVhYmZiODE5NGRj"
            }
        },
        "id": "34cfc788-d82e-61e0-bf5d-9eabfb8194dc",
        "uniqueName": "eric.amundson2@zionsbancorp.com",
        "imageUrl": "https://dtsdemo.visualstudio.com/_api/_common/identityImage?id=34cfc788-d82e-61e0-bf5d-9eabfb8194dc",
        "descriptor": "aad.MzRjZmM3ODgtZDgyZS03MWUwLWJmNWQtOWVhYmZiODE5NGRj"
    },
    "drafts": [
        
    ],
    "queue": {
        "_links": {
            "self": {
                "href": "https://dtsdemo.visualstudio.com/_apis/build/Queues/43"
            }
        },
        "id": 43,
        "name": "On-premises",
        "url": "https://dtsdemo.visualstudio.com/_apis/build/Queues/43",
        "pool": {
            "id": 8,
            "name": "On-premises"
        }
    },
    "id": 84,
    "name": "readiness-Release",
    "url": "https://dtsdemo.visualstudio.com/cab15b20-2305-4632-b3b2-c8c9c2b9f30d/_apis/build/Definitions/84?revision=3",
    "uri": "vstfs:///Build/Definition/84",
    "path": "\\Zions Tools\\ALMOps Team",
    "type": "build",
    "queueStatus": "enabled",
    "revision": 3,
    "createdDate": "2018-08-07T20:33:58.703Z",
    "project": {
        "id": "cab15b20-2305-4632-b3b2-c8c9c2b9f30d",
        "name": "Eric Zions",
        "url": "https://dtsdemo.visualstudio.com/_apis/projects/cab15b20-2305-4632-b3b2-c8c9c2b9f30d",
        "state": "wellFormed",
        "revision": 76,
        "visibility": "private"
    }
}