{
    "options": [
        {
            "enabled": false,
            "definition": {
                "id": "5d58cc01-7c75-450c-be18-a388ddb129ec"
            },
            "inputs": {
                "branchFilters": "[\"+refs/heads/*\"]",
                "additionalFields": "{}"
            }
        },
        {
            "enabled": false,
            "definition": {
                "id": "a9db38f9-9fdc-478c-b0f9-464221e58316"
            },
            "inputs": {
                "workItemType": "31",
                "assignToRequestor": "true",
                "additionalFields": "{}"
            }
        }
    ],
    "variables": {
        "system.debug": {
            "value": "true",
            "allowOverride": true
        }
    },
    "variableGroups": [
        {
            "variables": {
                "MVN_SCMPROFILE": {
                    "value": "test"
                }
            },
            "type": "Vsts",
            "name": "Release Engineering - maven",
            "description": "Release Engineering variables for maven tasks",
            "id": 6
        }
    ],
    "retentionRules": [
        {
            "branches": [
                "+refs/heads/*"
            ],
            "artifacts": [
                
            ],
            "artifactTypesToDelete": [
                "FilePath",
                "SymbolStore"
            ],
            "daysToKeep": 10,
            "minimumToKeep": 1,
            "deleteBuildRecord": true,
            "deleteTestResults": true
        }
    ],
    "properties": {
        
    },
    "tags": [
        
    ],
    "_links": {
        "self": {
            "href": "https://tfs.testqa.zionsbank.com/DevelopmentCollection/698ca4c2-9203-4518-998e-b3f982dbdea8/_apis/build/Definitions/165?revision=1"
        },
        "web": {
            "href": "https://tfs.testqa.zionsbank.com/_permalink/_build/index?collectionId=dd9a1e5e-2cec-446a-bfad-595ac841fbb5&projectId=698ca4c2-9203-4518-998e-b3f982dbdea8&definitionId=165"
        },
        "editor": {
            "href": "https://tfs.testqa.zionsbank.com/_permalink/_build/definitionEditor?collectionId=dd9a1e5e-2cec-446a-bfad-595ac841fbb5&projectId=698ca4c2-9203-4518-998e-b3f982dbdea8&definitionId=165"
        }
    },
    "comment": "Maven CI build definition template",
    "jobAuthorizationScope": "projectCollection",
    "jobTimeoutInMinutes": 60,
    "jobCancelTimeoutInMinutes": 5,
    "process": {
        "phases": [
            {
                "steps": [
                    {
                        "environment": {
                            
                        },
                        "enabled": true,
                        "continueOnError": false,
                        "alwaysRun": false,
                        "displayName": "Maven: clean install",
                        "timeoutInMinutes": 0,
                        "condition": "succeeded()",
                        "task": {
                            "id": "ac4ee482-65da-4485-a532-7b085873e532",
                            "versionSpec": "2.*",
                            "definitionType": "task"
                        },
                        "inputs": {
                            "mavenPOMFile": "pom.xml",
                            "goals": "clean install",
                            "options": "-Dmaven.repo.local=$(Build.BinariesDirectory)/.m2",
                            "publishJUnitResults": "false",
                            "testResultsFiles": "**/TEST-*.xml",
                            "testRunTitle": "",
                            "codeCoverageTool": "None",
                            "classFilter": "",
                            "classFilesDirectories": "",
                            "srcDirectories": "",
                            "failIfCoverageEmpty": "false",
                            "javaHomeSelection": "JDKVersion",
                            "jdkVersion": "default",
                            "jdkUserInputPath": "",
                            "jdkArchitecture": "x64",
                            "mavenVersionSelection": "Default",
                            "mavenPath": "",
                            "mavenSetM2Home": "false",
                            "mavenOpts": "-Xmx1024m",
                            "mavenFeedAuthenticate": "false",
                            "sqAnalysisEnabled": "false",
                            "sqMavenPluginVersionChoice": "latest",
                            "checkstyleAnalysisEnabled": "false",
                            "pmdAnalysisEnabled": "false",
                            "findbugsAnalysisEnabled": "false"
                        }
                    }
                ],
                "name": "Phase 1",
                "refName": "Phase_1",
                "condition": "succeeded()",
                "target": {
                    "executionOptions": {
                        "type": 0
                    },
                    "allowScriptsAuthAccessOption": false,
                    "type": 1
                },
                "jobAuthorizationScope": "projectCollection",
                "jobCancelTimeoutInMinutes": 1
            }
        ],
        "type": 1
    },
    "repository": {
        "properties": {
            "cleanOptions": "3",
            "labelSources": "0",
            "labelSourcesFormat": "$(build.buildNumber)",
            "reportBuildStatus": "true",
            "gitLfsSupport": "false",
            "skipSyncSource": "false",
            "checkoutNestedSubmodules": "false",
            "fetchDepth": "0"
        },
        "id": "66228794-1ff7-4dd0-941c-a64b8c7d1317",
        "type": "TfsGit",
        "name": "cobra",
        "url": "https://tfs.testqa.zionsbank.com/DevelopmentCollection/Release%20Engineering/_git/cobra",
        "defaultBranch": "refs/heads/master",
        "clean": "false",
        "checkoutSubmodules": false
    },
    "processParameters": {
        
    },
    "quality": "definition",
    "authoredBy": {
        "displayName": "James Mcnabb",
        "url": "https://tfs.testqa.zionsbank.com/DevelopmentCollection/_apis/Identities/c1c4c596-dbc1-4282-8421-a867a667beaa",
        "_links": {
            "avatar": {
                "href": "https://tfs.testqa.zionsbank.com/DevelopmentCollection/_api/_common/identityImage?id=c1c4c596-dbc1-4282-8421-a867a667beaa"
            }
        },
        "id": "c1c4c596-dbc1-4282-8421-a867a667beaa",
        "uniqueName": "ZBC\\z091556",
        "imageUrl": "https://tfs.testqa.zionsbank.com/DevelopmentCollection/_api/_common/identityImage?id=c1c4c596-dbc1-4282-8421-a867a667beaa"
    },
    "drafts": [
        
    ],
    "queue": {
        "_links": {
            "self": {
                "href": "https://tfs.testqa.zionsbank.com/DevelopmentCollection/_apis/build/Queues/3"
            }
        },
        "id": 3,
        "name": "Default",
        "url": "https://tfs.testqa.zionsbank.com/DevelopmentCollection/_apis/build/Queues/3",
        "pool": {
            "id": 1,
            "name": "Default"
        }
    },
    "id": 165,
    "name": "maven-CI-template",
    "url": "https://tfs.testqa.zionsbank.com/DevelopmentCollection/698ca4c2-9203-4518-998e-b3f982dbdea8/_apis/build/Definitions/165?revision=1",
    "uri": "vstfs:///Build/Definition/165",
    "path": "\\",
    "type": "build",
    "queueStatus": "enabled",
    "revision": 1,
    "createdDate": "2018-07-05T19:56:49.103Z",
    "project": {
        "id": "698ca4c2-9203-4518-998e-b3f982dbdea8",
        "name": "Release Engineering",
        "description": "Release Engineering sandbox",
        "url": "https://tfs.testqa.zionsbank.com/DevelopmentCollection/_apis/projects/698ca4c2-9203-4518-998e-b3f982dbdea8",
        "state": "wellFormed",
        "revision": 170,
        "visibility": "private"
    }
}