{"options":[{"enabled":true,"definition":{"id":"5d58cc01-7c75-450c-be18-a388ddb129ec"},"inputs":{"branchFilters":"[\"+refs/heads/*\"]","additionalFields":"{}"}},{"enabled":false,"definition":{"id":"a9db38f9-9fdc-478c-b0f9-464221e58316"},"inputs":{"workItemType":"2021121","assignToRequestor":"true","additionalFields":"{}"}}],"variables":{"system.debug":{"value":"false","allowOverride":true}},"retentionRules":[{"branches":["+refs/heads/*"],"artifacts":[],"artifactTypesToDelete":["FilePath","SymbolStore"],"daysToKeep":10,"minimumToKeep":1,"deleteBuildRecord":true,"deleteTestResults":true}],"properties":{},"tags":[],"_links":{"self":{"href":"https://dev.azure.com/ZionsETO/344d4a70-f0d4-4b64-a725-4b2e321dd473/_apis/build/Definitions/170?revision=3"},"web":{"href":"https://dev.azure.com/ZionsETO/344d4a70-f0d4-4b64-a725-4b2e321dd473/_build/definition?definitionId=170"},"editor":{"href":"https://dev.azure.com/ZionsETO/344d4a70-f0d4-4b64-a725-4b2e321dd473/_build/designer?id=170&_a=edit-build-definition"},"badge":{"href":"https://dev.azure.com/ZionsETO/344d4a70-f0d4-4b64-a725-4b2e321dd473/_apis/build/status/170"}},"buildNumberFormat":"$(date:yyyyMMdd)$(rev:.r)","comment":"Changed phase name to Build","jobAuthorizationScope":1,"jobTimeoutInMinutes":60,"jobCancelTimeoutInMinutes":5,"process":{"phases":[{"steps":[{"environment":{},"enabled":true,"continueOnError":false,"alwaysRun":false,"displayName":"Comment - to be removed","timeoutInMinutes":0,"condition":"succeeded()","task":{"id":"d9bafed4-0b18-4f58-968d-86655b4d2ce9","versionSpec":"2.*","definitionType":"task"},"inputs":{"script":"echo You are using a dummy build script that was automatically generated by the system when the master branch for this repository was created.\n\necho You need to edit this build definition and add / remove the appropriate task(s) to correctly build your project.\n\nexit 1","workingDirectory":"","failOnStderr":"false"}},{"environment":{},"enabled":true,"continueOnError":false,"alwaysRun":false,"displayName":"Maven: clean install","timeoutInMinutes":0,"task":{"id":"ac4ee482-65da-4485-a532-7b085873e532","versionSpec":"2.*","definitionType":"task"},"inputs":{"mavenPOMFile":"$(Parameters.mavenPOMFile)","goals":"clean install","options":"-Dmaven.repo.local=$(Build.BinariesDirectory)/.m2","publishJUnitResults":"false","testResultsFiles":"**/TEST-*.xml","testRunTitle":"","codeCoverageTool":"None","classFilter":"","classFilesDirectories":"","srcDirectories":"","failIfCoverageEmpty":"false","javaHomeSelection":"JDKVersion","jdkVersion":"default","jdkUserInputPath":"","jdkArchitecture":"x64","mavenVersionSelection":"Default","mavenPath":"","mavenSetM2Home":"false","mavenOpts":"-Xmx1024m","mavenFeedAuthenticate":"true","sqAnalysisEnabled":"false","sqMavenPluginVersionChoice":"latest","checkstyleAnalysisEnabled":"false","pmdAnalysisEnabled":"false","findbugsAnalysisEnabled":"false"}}],"name":"Build","refName":"Phase_1","condition":"succeeded()","target":{"executionOptions":{"type":0},"allowScriptsAuthAccessOption":false,"type":1},"jobAuthorizationScope":1,"jobCancelTimeoutInMinutes":1}],"type":1},"repository":{"properties":{"cleanOptions":"0","labelSources":"0","labelSourcesFormat":"$(build.buildNumber)","reportBuildStatus":"true","gitLfsSupport":"false","skipSyncSource":"false","checkoutNestedSubmodules":"false","fetchDepth":"0"},"id":"13e3d2da-c900-4e73-a226-fe2db1d9d47c","type":"TfsGit","name":"DTS","url":"https://ZionsETO@dev.azure.com/ZionsETO/DTS/_git/DTS","defaultBranch":"refs/heads/master","clean":"false","checkoutSubmodules":false},"processParameters":{"inputs":[{"aliases":[],"options":{},"properties":{},"name":"mavenPOMFile","label":"Maven POM file","defaultValue":"pom.xml","required":true,"type":"filePath","helpMarkDown":""}]},"quality":1,"authoredBy":{"displayName":"James Mcnabb","url":"https://app.vssps.visualstudio.com/Ab3e0e430-9372-437e-8a92-1f844981f587/_apis/Identities/f7feffde-340f-6aa4-82d5-143793ea9a16","_links":{"avatar":{"href":"https://dev.azure.com/ZionsETO/_apis/GraphProfile/MemberAvatars/aad.ZjdmZWZmZGUtMzQwZi03YWE0LTgyZDUtMTQzNzkzZWE5YTE2"}},"id":"f7feffde-340f-6aa4-82d5-143793ea9a16","uniqueName":"james.mcnabb@zionsbancorp.com","imageUrl":"https://dev.azure.com/ZionsETO/_api/_common/identityImage?id=f7feffde-340f-6aa4-82d5-143793ea9a16","descriptor":"aad.ZjdmZWZmZGUtMzQwZi03YWE0LTgyZDUtMTQzNzkzZWE5YTE2"},"drafts":[],"queue":{"_links":{"self":{"href":"https://dev.azure.com/ZionsETO/_apis/build/Queues/156"}},"id":156,"name":"On-Prem Production","url":"https://dev.azure.com/ZionsETO/_apis/build/Queues/156","pool":{"id":11,"name":"On-Prem Production"}},"id":170,"name":"template-generic-ci","url":"https://dev.azure.com/ZionsETO/344d4a70-f0d4-4b64-a725-4b2e321dd473/_apis/build/Definitions/170?revision=3","uri":"vstfs:///Build/Definition/170","path":"\\templates","type":2,"queueStatus":0,"revision":3,"createdDate":"2019-01-29T21:06:10.617Z","project":{"id":"344d4a70-f0d4-4b64-a725-4b2e321dd473","name":"Sandbox","description":"A place to try stuff w/o hurting others!","url":"https://dev.azure.com/ZionsETO/_apis/projects/344d4a70-f0d4-4b64-a725-4b2e321dd473","state":1,"revision":450,"visibility":0,"lastUpdateTime":"2019-01-29T20:17:24.843Z"}}