{"source":2,"revision":7,"description":null,"createdBy":{"displayName":"James Mcnabb","url":"https://spsprodcus1.vssps.visualstudio.com/A6e6d6b08-2e41-4c55-a624-0d1ec79969dd/_apis/Identities/f7feffde-340f-6aa4-82d5-143793ea9a16","_links":{"avatar":{"href":"https://dev.azure.com/eto-dev/_apis/GraphProfile/MemberAvatars/aad.ZjdmZWZmZGUtMzQwZi03YWE0LTgyZDUtMTQzNzkzZWE5YTE2"}},"id":"f7feffde-340f-6aa4-82d5-143793ea9a16","uniqueName":"james.mcnabb@zionsbancorp.com","imageUrl":"https://dev.azure.com/eto-dev/_api/_common/identityImage?id=f7feffde-340f-6aa4-82d5-143793ea9a16","descriptor":"aad.ZjdmZWZmZGUtMzQwZi03YWE0LTgyZDUtMTQzNzkzZWE5YTE2"},"createdOn":"2019-01-02T17:02:29.623Z","modifiedBy":{"displayName":"James Mcnabb","url":"https://spsprodcus1.vssps.visualstudio.com/A6e6d6b08-2e41-4c55-a624-0d1ec79969dd/_apis/Identities/f7feffde-340f-6aa4-82d5-143793ea9a16","_links":{"avatar":{"href":"https://dev.azure.com/eto-dev/_apis/GraphProfile/MemberAvatars/aad.ZjdmZWZmZGUtMzQwZi03YWE0LTgyZDUtMTQzNzkzZWE5YTE2"}},"id":"f7feffde-340f-6aa4-82d5-143793ea9a16","uniqueName":"james.mcnabb@zionsbancorp.com","imageUrl":"https://dev.azure.com/eto-dev/_api/_common/identityImage?id=f7feffde-340f-6aa4-82d5-143793ea9a16","descriptor":"aad.ZjdmZWZmZGUtMzQwZi03YWE0LTgyZDUtMTQzNzkzZWE5YTE2"},"modifiedOn":"2019-02-07T19:44:04.313Z","isDeleted":false,"variables":{},"variableGroups":[],"environments":[{"id":6,"name":"Publish","rank":1,"owner":{"displayName":"James Mcnabb","url":"https://spsprodcus1.vssps.visualstudio.com/A6e6d6b08-2e41-4c55-a624-0d1ec79969dd/_apis/Identities/f7feffde-340f-6aa4-82d5-143793ea9a16","_links":{"avatar":{"href":"https://dev.azure.com/eto-dev/_apis/GraphProfile/MemberAvatars/aad.ZjdmZWZmZGUtMzQwZi03YWE0LTgyZDUtMTQzNzkzZWE5YTE2"}},"id":"f7feffde-340f-6aa4-82d5-143793ea9a16","uniqueName":"james.mcnabb@zionsbancorp.com","imageUrl":"https://dev.azure.com/eto-dev/_api/_common/identityImage?id=f7feffde-340f-6aa4-82d5-143793ea9a16","descriptor":"aad.ZjdmZWZmZGUtMzQwZi03YWE0LTgyZDUtMTQzNzkzZWE5YTE2"},"variables":{},"variableGroups":[],"preDeployApprovals":{"approvals":[{"rank":1,"isAutomated":true,"isNotificationOn":false,"id":17}],"approvalOptions":{"requiredApproverCount":null,"releaseCreatorCanBeApprover":false,"autoTriggeredAndPreviousEnvironmentApprovedCanBeSkipped":false,"enforceIdentityRevalidation":false,"timeoutInMinutes":0,"executionOrder":1}},"deployStep":{"id":18},"postDeployApprovals":{"approvals":[{"rank":1,"isAutomated":true,"isNotificationOn":false,"id":19}],"approvalOptions":{"requiredApproverCount":null,"releaseCreatorCanBeApprover":false,"autoTriggeredAndPreviousEnvironmentApprovedCanBeSkipped":false,"enforceIdentityRevalidation":false,"timeoutInMinutes":0,"executionOrder":2}},"deployPhases":[{"deploymentInput":{"parallelExecution":{"parallelExecutionType":0},"skipArtifactsDownload":false,"artifactsDownloadInput":{"downloadInputs":[{"artifactItems":[],"alias":"_template-release","artifactType":"Build","artifactDownloadMode":"All"}]},"queueId":7,"demands":[],"enableAccessToken":false,"timeoutInMinutes":0,"jobCancelTimeoutInMinutes":1,"condition":"succeeded()","overrideInputs":{}},"rank":1,"phaseType":1,"name":"Publish artifacts","refName":null,"workflowTasks":[{"environment":{},"taskId":"d9bafed4-0b18-4f58-968d-86655b4d2ce9","version":"2.*","name":"Command Line Script","refName":"","enabled":true,"alwaysRun":false,"continueOnError":false,"timeoutInMinutes":0,"definitionType":"task","overrideInputs":{},"condition":"succeeded()","inputs":{"script":"echo This pipeline was automatically generated by the system from a generic template.\n\necho You need to edit this release pipeline and add / remove the appropriate release task(s) for your project.\n\nexit 1 ","workingDirectory":"","failOnStderr":"false"}}]}],"environmentOptions":{"emailNotificationType":"OnlyOnFailure","emailRecipients":"release.environment.owner;release.creator","skipArtifactsDownload":false,"timeoutInMinutes":0,"enableAccessToken":false,"publishDeploymentStatus":true,"badgeEnabled":false,"autoLinkWorkItems":false,"pullRequestDeploymentEnabled":false},"demands":[],"conditions":[{"name":"ReleaseStarted","conditionType":1,"value":""}],"executionPolicy":{"concurrencyCount":1,"queueDepthCount":0},"schedules":[],"currentRelease":{"id":0,"url":"https://vsrm.dev.azure.com/eto-dev/6854be78-34fa-41c3-9ec0-a2ebde8d9999/_apis/Release/releases/0","_links":{}},"retentionPolicy":{"daysToKeep":30,"releasesToKeep":3,"retainBuild":true},"processParameters":{},"properties":{},"preDeploymentGates":{"id":0,"gatesOptions":null,"gates":[]},"postDeploymentGates":{"id":0,"gatesOptions":null,"gates":[]},"environmentTriggers":[],"badgeUrl":"https://vsrm.dev.azure.com/eto-dev/_apis/public/Release/badge/6854be78-34fa-41c3-9ec0-a2ebde8d9999/5/6"},{"id":7,"name":"Start Release Isolation","rank":2,"owner":{"displayName":"James Mcnabb","url":"https://spsprodcus1.vssps.visualstudio.com/A6e6d6b08-2e41-4c55-a624-0d1ec79969dd/_apis/Identities/f7feffde-340f-6aa4-82d5-143793ea9a16","_links":{"avatar":{"href":"https://dev.azure.com/eto-dev/_apis/GraphProfile/MemberAvatars/aad.ZjdmZWZmZGUtMzQwZi03YWE0LTgyZDUtMTQzNzkzZWE5YTE2"}},"id":"f7feffde-340f-6aa4-82d5-143793ea9a16","uniqueName":"james.mcnabb@zionsbancorp.com","imageUrl":"https://dev.azure.com/eto-dev/_api/_common/identityImage?id=f7feffde-340f-6aa4-82d5-143793ea9a16","descriptor":"aad.ZjdmZWZmZGUtMzQwZi03YWE0LTgyZDUtMTQzNzkzZWE5YTE2"},"variables":{},"variableGroups":[],"preDeployApprovals":{"approvals":[{"rank":1,"isAutomated":true,"isNotificationOn":false,"id":20}],"approvalOptions":{"requiredApproverCount":null,"releaseCreatorCanBeApprover":false,"autoTriggeredAndPreviousEnvironmentApprovedCanBeSkipped":false,"enforceIdentityRevalidation":false,"timeoutInMinutes":0,"executionOrder":1}},"deployStep":{"id":23},"postDeployApprovals":{"approvals":[{"rank":1,"isAutomated":true,"isNotificationOn":false,"id":24}],"approvalOptions":{"requiredApproverCount":null,"releaseCreatorCanBeApprover":false,"autoTriggeredAndPreviousEnvironmentApprovedCanBeSkipped":false,"enforceIdentityRevalidation":false,"timeoutInMinutes":0,"executionOrder":2}},"deployPhases":[{"deploymentInput":{"parallelExecution":{"parallelExecutionType":0},"skipArtifactsDownload":false,"artifactsDownloadInput":{"downloadInputs":[{"artifactItems":[],"alias":"_template-release","artifactType":"Build","artifactDownloadMode":"All"}]},"queueId":7,"demands":[],"enableAccessToken":false,"timeoutInMinutes":0,"jobCancelTimeoutInMinutes":1,"condition":"succeeded()","overrideInputs":{}},"rank":1,"phaseType":1,"name":"Agent job","refName":null,"workflowTasks":[{"environment":{},"taskId":"aa4662df-b815-48a0-8a54-7ebc5bf9a67a","version":"2.*","name":"Starting","refName":"","enabled":true,"alwaysRun":false,"continueOnError":false,"timeoutInMinutes":0,"definitionType":"task","overrideInputs":{},"condition":"succeeded()","inputs":{"VersionPartToIncrement":"minor"}}]}],"environmentOptions":{"emailNotificationType":"OnlyOnFailure","emailRecipients":"release.environment.owner;release.creator","skipArtifactsDownload":false,"timeoutInMinutes":0,"enableAccessToken":false,"publishDeploymentStatus":true,"badgeEnabled":false,"autoLinkWorkItems":false,"pullRequestDeploymentEnabled":false},"demands":[],"conditions":[],"executionPolicy":{"concurrencyCount":1,"queueDepthCount":0},"schedules":[],"currentRelease":{"id":0,"url":"https://vsrm.dev.azure.com/eto-dev/6854be78-34fa-41c3-9ec0-a2ebde8d9999/_apis/Release/releases/0","_links":{}},"retentionPolicy":{"daysToKeep":30,"releasesToKeep":3,"retainBuild":true},"processParameters":{},"properties":{},"preDeploymentGates":{"id":0,"gatesOptions":null,"gates":[]},"postDeploymentGates":{"id":0,"gatesOptions":null,"gates":[]},"environmentTriggers":[],"badgeUrl":"https://vsrm.dev.azure.com/eto-dev/_apis/public/Release/badge/6854be78-34fa-41c3-9ec0-a2ebde8d9999/5/7"},{"id":8,"name":"Finalize Release","rank":3,"owner":{"displayName":"James Mcnabb","url":"https://spsprodcus1.vssps.visualstudio.com/A6e6d6b08-2e41-4c55-a624-0d1ec79969dd/_apis/Identities/f7feffde-340f-6aa4-82d5-143793ea9a16","_links":{"avatar":{"href":"https://dev.azure.com/eto-dev/_apis/GraphProfile/MemberAvatars/aad.ZjdmZWZmZGUtMzQwZi03YWE0LTgyZDUtMTQzNzkzZWE5YTE2"}},"id":"f7feffde-340f-6aa4-82d5-143793ea9a16","uniqueName":"james.mcnabb@zionsbancorp.com","imageUrl":"https://dev.azure.com/eto-dev/_api/_common/identityImage?id=f7feffde-340f-6aa4-82d5-143793ea9a16","descriptor":"aad.ZjdmZWZmZGUtMzQwZi03YWE0LTgyZDUtMTQzNzkzZWE5YTE2"},"variables":{},"variableGroups":[],"preDeployApprovals":{"approvals":[{"rank":1,"isAutomated":true,"isNotificationOn":false,"id":21}],"approvalOptions":{"requiredApproverCount":null,"releaseCreatorCanBeApprover":false,"autoTriggeredAndPreviousEnvironmentApprovedCanBeSkipped":false,"enforceIdentityRevalidation":false,"timeoutInMinutes":0,"executionOrder":1}},"deployStep":{"id":22},"postDeployApprovals":{"approvals":[{"rank":1,"isAutomated":true,"isNotificationOn":false,"id":25}],"approvalOptions":{"requiredApproverCount":null,"releaseCreatorCanBeApprover":false,"autoTriggeredAndPreviousEnvironmentApprovedCanBeSkipped":false,"enforceIdentityRevalidation":false,"timeoutInMinutes":0,"executionOrder":2}},"deployPhases":[{"deploymentInput":{"parallelExecution":{"parallelExecutionType":0},"skipArtifactsDownload":false,"artifactsDownloadInput":{"downloadInputs":[{"artifactItems":[],"alias":"_template-release","artifactType":"Build","artifactDownloadMode":"All"}]},"queueId":10,"demands":[],"enableAccessToken":false,"timeoutInMinutes":0,"jobCancelTimeoutInMinutes":1,"condition":"succeeded()","overrideInputs":{}},"rank":1,"phaseType":1,"name":"Agent job","refName":null,"workflowTasks":[{"environment":{},"taskId":"cad9edc4-abc6-49e4-825c-fe1b84334c2e","version":"2.*","name":"Finish Release","refName":"","enabled":true,"alwaysRun":false,"continueOnError":false,"timeoutInMinutes":0,"definitionType":"task","overrideInputs":{},"condition":"succeeded()","inputs":{"VersionPartToIncrement":"minor"}}]}],"environmentOptions":{"emailNotificationType":"OnlyOnFailure","emailRecipients":"release.environment.owner;release.creator","skipArtifactsDownload":false,"timeoutInMinutes":0,"enableAccessToken":false,"publishDeploymentStatus":true,"badgeEnabled":false,"autoLinkWorkItems":false,"pullRequestDeploymentEnabled":false},"demands":[],"conditions":[],"executionPolicy":{"concurrencyCount":1,"queueDepthCount":0},"schedules":[],"currentRelease":{"id":0,"url":"https://vsrm.dev.azure.com/eto-dev/6854be78-34fa-41c3-9ec0-a2ebde8d9999/_apis/Release/releases/0","_links":{}},"retentionPolicy":{"daysToKeep":30,"releasesToKeep":3,"retainBuild":true},"processParameters":{},"properties":{},"preDeploymentGates":{"id":0,"gatesOptions":null,"gates":[]},"postDeploymentGates":{"id":0,"gatesOptions":null,"gates":[]},"environmentTriggers":[],"badgeUrl":"https://vsrm.dev.azure.com/eto-dev/_apis/public/Release/badge/6854be78-34fa-41c3-9ec0-a2ebde8d9999/5/8"}],"artifacts":[{"sourceId":"344d4a70-f0d4-4b64-a725-4b2e321dd473:49","type":"Build","alias":"_template-release","definitionReference":{"artifactSourceDefinitionUrl":{"id":"https://dev.azure.com/eto-dev/_permalink/_build/index?collectionId=1bec1897-29a0-44d0-80a8-670c5ae5ef4a&projectId=344d4a70-f0d4-4b64-a725-4b2e321dd473&definitionId=49","name":""},"defaultVersionBranch":{"id":"","name":""},"defaultVersionSpecific":{"id":"","name":""},"defaultVersionTags":{"id":"","name":""},"defaultVersionType":{"id":"selectDuringReleaseCreationType","name":"Specify at the time of release creation"},"definition":{"id":"49","name":"dts-re-maven-release"},"definitions":{"id":"","name":""},"IsMultiDefinitionType":{"id":"False","name":"False"},"project":{"id":"344d4a70-f0d4-4b64-a725-4b2e321dd473","name":"Sandbox"},"repository":{"id":"91546ca0-ece8-43f2-9544-0ea77e15a8da","name":"dts-re-maven"}},"isPrimary":true,"isRetained":false}],"triggers":[{"artifactAlias":"_template-release","triggerConditions":[],"triggerType":1}],"releaseNameFormat":"Release $(Rev:rrr) for build $(Build.BuildNumber) $(Build.DefinitionName)","tags":[],"pipelineProcess":{"type":1},"properties":{"DefinitionCreationSource":{"$type":"System.String","$value":"Other"}},"id":5,"name":"template-release","path":"\\","projectReference":null,"url":"https://vsrm.dev.azure.com/eto-dev/6854be78-34fa-41c3-9ec0-a2ebde8d9999/_apis/Release/definitions/5","_links":{"self":{"href":"https://vsrm.dev.azure.com/eto-dev/6854be78-34fa-41c3-9ec0-a2ebde8d9999/_apis/Release/definitions/5"},"web":{"href":"https://dev.azure.com/eto-dev/6854be78-34fa-41c3-9ec0-a2ebde8d9999/_release?definitionId=5"}}}