{"source":2,"revision":1,"description":null,"createdBy":{"displayName":"James Mcnabb","url":"https://app.vssps.visualstudio.com/A6e6d6b08-2e41-4c55-a624-0d1ec79969dd/_apis/Identities/f7feffde-340f-6aa4-82d5-143793ea9a16","_links":{"avatar":{"href":"https://eto-dev.visualstudio.com/_apis/GraphProfile/MemberAvatars/aad.ZjdmZWZmZGUtMzQwZi03YWE0LTgyZDUtMTQzNzkzZWE5YTE2"}},"id":"f7feffde-340f-6aa4-82d5-143793ea9a16","uniqueName":"james.mcnabb@zionsbancorp.com","imageUrl":"https://eto-dev.visualstudio.com/_api/_common/identityImage?id=f7feffde-340f-6aa4-82d5-143793ea9a16","descriptor":"aad.ZjdmZWZmZGUtMzQwZi03YWE0LTgyZDUtMTQzNzkzZWE5YTE2"},"createdOn":"2019-01-14T15:34:59.767Z","modifiedBy":{"displayName":"James Mcnabb","url":"https://app.vssps.visualstudio.com/A6e6d6b08-2e41-4c55-a624-0d1ec79969dd/_apis/Identities/f7feffde-340f-6aa4-82d5-143793ea9a16","_links":{"avatar":{"href":"https://eto-dev.visualstudio.com/_apis/GraphProfile/MemberAvatars/aad.ZjdmZWZmZGUtMzQwZi03YWE0LTgyZDUtMTQzNzkzZWE5YTE2"}},"id":"f7feffde-340f-6aa4-82d5-143793ea9a16","uniqueName":"james.mcnabb@zionsbancorp.com","imageUrl":"https://eto-dev.visualstudio.com/_api/_common/identityImage?id=f7feffde-340f-6aa4-82d5-143793ea9a16","descriptor":"aad.ZjdmZWZmZGUtMzQwZi03YWE0LTgyZDUtMTQzNzkzZWE5YTE2"},"modifiedOn":"2019-01-14T15:34:59.767Z","isDeleted":false,"variables":{},"variableGroups":[],"environments":[{"id":15,"name":"Publish","rank":1,"owner":{"displayName":"James Mcnabb","url":"https://app.vssps.visualstudio.com/A6e6d6b08-2e41-4c55-a624-0d1ec79969dd/_apis/Identities/f7feffde-340f-6aa4-82d5-143793ea9a16","_links":{"avatar":{"href":"https://eto-dev.visualstudio.com/_apis/GraphProfile/MemberAvatars/aad.ZjdmZWZmZGUtMzQwZi03YWE0LTgyZDUtMTQzNzkzZWE5YTE2"}},"id":"f7feffde-340f-6aa4-82d5-143793ea9a16","uniqueName":"james.mcnabb@zionsbancorp.com","imageUrl":"https://eto-dev.visualstudio.com/_api/_common/identityImage?id=f7feffde-340f-6aa4-82d5-143793ea9a16","descriptor":"aad.ZjdmZWZmZGUtMzQwZi03YWE0LTgyZDUtMTQzNzkzZWE5YTE2"},"variables":{},"variableGroups":[],"preDeployApprovals":{"approvals":[{"rank":1,"isAutomated":true,"isNotificationOn":false,"id":44}],"approvalOptions":{"requiredApproverCount":null,"releaseCreatorCanBeApprover":false,"autoTriggeredAndPreviousEnvironmentApprovedCanBeSkipped":false,"enforceIdentityRevalidation":false,"timeoutInMinutes":0,"executionOrder":1}},"deployStep":{"id":49},"postDeployApprovals":{"approvals":[{"rank":1,"isAutomated":true,"isNotificationOn":false,"id":50}],"approvalOptions":{"requiredApproverCount":null,"releaseCreatorCanBeApprover":false,"autoTriggeredAndPreviousEnvironmentApprovedCanBeSkipped":false,"enforceIdentityRevalidation":false,"timeoutInMinutes":0,"executionOrder":2}},"deployPhases":[{"deploymentInput":{"parallelExecution":{"parallelExecutionType":0},"skipArtifactsDownload":false,"artifactsDownloadInput":{"downloadInputs":[{"artifactItems":[],"alias":"_template-release","artifactType":"Build","artifactDownloadMode":"All"}]},"queueId":7,"demands":["agent.os -equals Linux"],"enableAccessToken":false,"timeoutInMinutes":0,"jobCancelTimeoutInMinutes":1,"condition":"succeeded()","overrideInputs":{}},"rank":1,"phaseType":1,"name":"Agent job","refName":null,"workflowTasks":[{"environment":{},"taskId":"55049627-78d6-4a04-84e9-e136fd98bf78","version":"1.*","name":"Task group: Zions: Publish to UDeploy","refName":"","enabled":true,"alwaysRun":true,"continueOnError":true,"timeoutInMinutes":0,"definitionType":"metaTask","overrideInputs":{},"condition":"succeededOrFailed()","inputs":{"base":"$(Agent.ReleaseDirectory)/%comp_name%/drop","component":"SCM-udclient-testing","description":"","include":"*.jar","UDCLIENT_LOCATION":"$(UDCLIENT)/udclient","udenpoint":""}}]}],"environmentOptions":{"emailNotificationType":"OnlyOnFailure","emailRecipients":"release.environment.owner;release.creator","skipArtifactsDownload":false,"timeoutInMinutes":0,"enableAccessToken":false,"publishDeploymentStatus":true,"badgeEnabled":false,"autoLinkWorkItems":false,"pullRequestDeploymentEnabled":false},"demands":[],"conditions":[{"name":"ReleaseStarted","conditionType":1,"value":""}],"executionPolicy":{"concurrencyCount":1,"queueDepthCount":0},"schedules":[],"currentRelease":{"id":0,"url":"https://eto-dev.vsrm.visualstudio.com/6854be78-34fa-41c3-9ec0-a2ebde8d9999/_apis/Release/releases/0","_links":{}},"retentionPolicy":{"daysToKeep":30,"releasesToKeep":3,"retainBuild":true},"processParameters":{},"properties":{},"preDeploymentGates":{"id":0,"gatesOptions":null,"gates":[]},"postDeploymentGates":{"id":0,"gatesOptions":null,"gates":[]},"environmentTriggers":[],"badgeUrl":"https://eto-dev.vsrm.visualstudio.com/_apis/public/Release/badge/6854be78-34fa-41c3-9ec0-a2ebde8d9999/8/15"},{"id":16,"name":"Start Release Isolation","rank":2,"owner":{"displayName":"James Mcnabb","url":"https://app.vssps.visualstudio.com/A6e6d6b08-2e41-4c55-a624-0d1ec79969dd/_apis/Identities/f7feffde-340f-6aa4-82d5-143793ea9a16","_links":{"avatar":{"href":"https://eto-dev.visualstudio.com/_apis/GraphProfile/MemberAvatars/aad.ZjdmZWZmZGUtMzQwZi03YWE0LTgyZDUtMTQzNzkzZWE5YTE2"}},"id":"f7feffde-340f-6aa4-82d5-143793ea9a16","uniqueName":"james.mcnabb@zionsbancorp.com","imageUrl":"https://eto-dev.visualstudio.com/_api/_common/identityImage?id=f7feffde-340f-6aa4-82d5-143793ea9a16","descriptor":"aad.ZjdmZWZmZGUtMzQwZi03YWE0LTgyZDUtMTQzNzkzZWE5YTE2"},"variables":{},"variableGroups":[],"preDeployApprovals":{"approvals":[{"rank":1,"isAutomated":true,"isNotificationOn":false,"id":45}],"approvalOptions":{"requiredApproverCount":null,"releaseCreatorCanBeApprover":false,"autoTriggeredAndPreviousEnvironmentApprovedCanBeSkipped":false,"enforceIdentityRevalidation":false,"timeoutInMinutes":0,"executionOrder":1}},"deployStep":{"id":48},"postDeployApprovals":{"approvals":[{"rank":1,"isAutomated":true,"isNotificationOn":false,"id":51}],"approvalOptions":{"requiredApproverCount":null,"releaseCreatorCanBeApprover":false,"autoTriggeredAndPreviousEnvironmentApprovedCanBeSkipped":false,"enforceIdentityRevalidation":false,"timeoutInMinutes":0,"executionOrder":2}},"deployPhases":[{"deploymentInput":{"parallelExecution":{"parallelExecutionType":0},"skipArtifactsDownload":false,"artifactsDownloadInput":{"downloadInputs":[{"artifactItems":[],"alias":"_template-release","artifactType":"Build","artifactDownloadMode":"All"}]},"queueId":10,"demands":[],"enableAccessToken":false,"timeoutInMinutes":0,"jobCancelTimeoutInMinutes":1,"condition":"succeeded()","overrideInputs":{}},"rank":1,"phaseType":1,"name":"Agent job","refName":null,"workflowTasks":[{"environment":{},"taskId":"55049627-78d6-4a04-84e9-e136fd98bf78","version":"1.*","name":"Zions: Publish to UDeploy ","refName":"","enabled":true,"alwaysRun":true,"continueOnError":true,"timeoutInMinutes":0,"definitionType":"metaTask","overrideInputs":{},"condition":"succeededOrFailed()","inputs":{"base":"$(Agent.ReleaseDirectory)/%alias_name%/drop/udeploy","component":"%component_name%","description":"","include":"*.jar","UDCLIENT_LOCATION":"$(UDCLIENT)/udclient","udenpoint":""}}]}],"environmentOptions":{"emailNotificationType":"OnlyOnFailure","emailRecipients":"release.environment.owner;release.creator","skipArtifactsDownload":false,"timeoutInMinutes":0,"enableAccessToken":false,"publishDeploymentStatus":true,"badgeEnabled":false,"autoLinkWorkItems":false,"pullRequestDeploymentEnabled":false},"demands":[],"conditions":[],"executionPolicy":{"concurrencyCount":1,"queueDepthCount":0},"schedules":[],"currentRelease":{"id":0,"url":"https://eto-dev.vsrm.visualstudio.com/6854be78-34fa-41c3-9ec0-a2ebde8d9999/_apis/Release/releases/0","_links":{}},"retentionPolicy":{"daysToKeep":30,"releasesToKeep":3,"retainBuild":true},"processParameters":{},"properties":{},"preDeploymentGates":{"id":0,"gatesOptions":null,"gates":[]},"postDeploymentGates":{"id":0,"gatesOptions":null,"gates":[]},"environmentTriggers":[],"badgeUrl":"https://eto-dev.vsrm.visualstudio.com/_apis/public/Release/badge/6854be78-34fa-41c3-9ec0-a2ebde8d9999/8/16"},{"id":17,"name":"Finalize Release","rank":3,"owner":{"displayName":"James Mcnabb","url":"https://app.vssps.visualstudio.com/A6e6d6b08-2e41-4c55-a624-0d1ec79969dd/_apis/Identities/f7feffde-340f-6aa4-82d5-143793ea9a16","_links":{"avatar":{"href":"https://eto-dev.visualstudio.com/_apis/GraphProfile/MemberAvatars/aad.ZjdmZWZmZGUtMzQwZi03YWE0LTgyZDUtMTQzNzkzZWE5YTE2"}},"id":"f7feffde-340f-6aa4-82d5-143793ea9a16","uniqueName":"james.mcnabb@zionsbancorp.com","imageUrl":"https://eto-dev.visualstudio.com/_api/_common/identityImage?id=f7feffde-340f-6aa4-82d5-143793ea9a16","descriptor":"aad.ZjdmZWZmZGUtMzQwZi03YWE0LTgyZDUtMTQzNzkzZWE5YTE2"},"variables":{},"variableGroups":[],"preDeployApprovals":{"approvals":[{"rank":1,"isAutomated":true,"isNotificationOn":false,"id":46}],"approvalOptions":{"requiredApproverCount":null,"releaseCreatorCanBeApprover":false,"autoTriggeredAndPreviousEnvironmentApprovedCanBeSkipped":false,"enforceIdentityRevalidation":false,"timeoutInMinutes":0,"executionOrder":1}},"deployStep":{"id":47},"postDeployApprovals":{"approvals":[{"rank":1,"isAutomated":true,"isNotificationOn":false,"id":52}],"approvalOptions":{"requiredApproverCount":null,"releaseCreatorCanBeApprover":false,"autoTriggeredAndPreviousEnvironmentApprovedCanBeSkipped":false,"enforceIdentityRevalidation":false,"timeoutInMinutes":0,"executionOrder":2}},"deployPhases":[{"deploymentInput":{"parallelExecution":{"parallelExecutionType":0},"skipArtifactsDownload":false,"artifactsDownloadInput":{"downloadInputs":[{"artifactItems":[],"alias":"_template-release","artifactType":"Build","artifactDownloadMode":"All"}]},"queueId":10,"demands":[],"enableAccessToken":false,"timeoutInMinutes":0,"jobCancelTimeoutInMinutes":1,"condition":"succeeded()","overrideInputs":{}},"rank":1,"phaseType":1,"name":"Agent job","refName":null,"workflowTasks":[{"environment":{},"taskId":"cad9edc4-abc6-49e4-825c-fe1b84334c2e","version":"2.*","name":"Finish Release","refName":"","enabled":true,"alwaysRun":false,"continueOnError":false,"timeoutInMinutes":0,"definitionType":"task","overrideInputs":{},"condition":"succeeded()","inputs":{"EnvironmentName":"Finalize Release","VersionPartToIncrement":"minor"}}]}],"environmentOptions":{"emailNotificationType":"OnlyOnFailure","emailRecipients":"release.environment.owner;release.creator","skipArtifactsDownload":false,"timeoutInMinutes":0,"enableAccessToken":false,"publishDeploymentStatus":true,"badgeEnabled":false,"autoLinkWorkItems":false,"pullRequestDeploymentEnabled":false},"demands":[],"conditions":[],"executionPolicy":{"concurrencyCount":1,"queueDepthCount":0},"schedules":[],"currentRelease":{"id":0,"url":"https://eto-dev.vsrm.visualstudio.com/6854be78-34fa-41c3-9ec0-a2ebde8d9999/_apis/Release/releases/0","_links":{}},"retentionPolicy":{"daysToKeep":30,"releasesToKeep":3,"retainBuild":true},"processParameters":{},"properties":{},"preDeploymentGates":{"id":0,"gatesOptions":null,"gates":[]},"postDeploymentGates":{"id":0,"gatesOptions":null,"gates":[]},"environmentTriggers":[],"badgeUrl":"https://eto-dev.vsrm.visualstudio.com/_apis/public/Release/badge/6854be78-34fa-41c3-9ec0-a2ebde8d9999/8/17"}],"artifacts":[{"sourceId":"344d4a70-f0d4-4b64-a725-4b2e321dd473:49","type":"Build","alias":"_template-release","definitionReference":{"artifactSourceDefinitionUrl":{"id":"https://eto-dev.visualstudio.com/_permalink/_build/index?collectionId=1bec1897-29a0-44d0-80a8-670c5ae5ef4a&projectId=344d4a70-f0d4-4b64-a725-4b2e321dd473&definitionId=49","name":""},"defaultVersionBranch":{"id":"","name":""},"defaultVersionSpecific":{"id":"","name":""},"defaultVersionTags":{"id":"","name":""},"defaultVersionType":{"id":"selectDuringReleaseCreationType","name":"Specify at the time of release creation"},"definition":{"id":"49","name":"dts-re-maven-release"},"definitions":{"id":"","name":""},"IsMultiDefinitionType":{"id":"False","name":"False"},"project":{"id":"344d4a70-f0d4-4b64-a725-4b2e321dd473","name":"Sandbox"},"repository":{"id":"91546ca0-ece8-43f2-9544-0ea77e15a8da","name":"dts-re-maven"}},"isPrimary":true,"isRetained":false}],"triggers":[{"artifactAlias":"_template-release","triggerConditions":[],"triggerType":1}],"releaseNameFormat":"Release $(Rev:rrr) for build $(Build.BuildNumber) $(Build.DefinitionName)","tags":[],"pipelineProcess":{"type":1},"properties":{"DefinitionCreationSource":{"$type":"System.String","$value":"Other"}},"id":8,"name":"udeploy-template","path":"\\","projectReference":null,"url":"https://eto-dev.vsrm.visualstudio.com/6854be78-34fa-41c3-9ec0-a2ebde8d9999/_apis/Release/definitions/8","_links":{"self":{"href":"https://eto-dev.vsrm.visualstudio.com/6854be78-34fa-41c3-9ec0-a2ebde8d9999/_apis/Release/definitions/8"},"web":{"href":"https://eto-dev.visualstudio.com/6854be78-34fa-41c3-9ec0-a2ebde8d9999/_release?definitionId=8"}}}