{
    "source": "userInterface",
    "id": 1,
    "revision": 15,
    "name": "readiness",
    "description": null,
    "createdBy": {
        "displayName": "Eric Amundson",
        "url": "http://localhost:8080/tfs/defaultcollection/_apis/Identities/3f50876c-2019-48b7-9835-f9d2488938b4",
        "_links": {
            "avatar": {
                "href": "http://utmsdev0527:8080/tfs/DefaultCollection/_api/_common/identityImage?id=3f50876c-2019-48b7-9835-f9d2488938b4"
            }
        },
        "id": "3f50876c-2019-48b7-9835-f9d2488938b4",
        "uniqueName": "ZBC\\z091182",
        "imageUrl": "http://utmsdev0527:8080/tfs/DefaultCollection/_api/_common/identityImage?id=3f50876c-2019-48b7-9835-f9d2488938b4"
    },
    "createdOn": "2018-06-08T15:11:44.71Z",
    "modifiedBy": {
        "displayName": "Eric Amundson",
        "url": "http://localhost:8080/tfs/defaultcollection/_apis/Identities/3f50876c-2019-48b7-9835-f9d2488938b4",
        "_links": {
            "avatar": {
                "href": "http://utmsdev0527:8080/tfs/DefaultCollection/_api/_common/identityImage?id=3f50876c-2019-48b7-9835-f9d2488938b4"
            }
        },
        "id": "3f50876c-2019-48b7-9835-f9d2488938b4",
        "uniqueName": "ZBC\\z091182",
        "imageUrl": "http://utmsdev0527:8080/tfs/DefaultCollection/_api/_common/identityImage?id=3f50876c-2019-48b7-9835-f9d2488938b4"
    },
    "modifiedOn": "2018-06-12T18:53:16.597Z",
    "isDeleted": false,
    "path": "\\",
    "variables": {
        "do.Release.Isolation": {
            "value": "false"
        }
    },
    "variableGroups": [
        
    ],
    "environments": [
        {
            "id": 1,
            "name": "TEST",
            "rank": 1,
            "owner": {
                "displayName": "Eric Amundson",
                "url": "http://localhost:8080/tfs/defaultcollection/_apis/Identities/3f50876c-2019-48b7-9835-f9d2488938b4",
                "_links": {
                    "avatar": {
                        "href": "http://utmsdev0527:8080/tfs/DefaultCollection/_api/_common/identityImage?id=3f50876c-2019-48b7-9835-f9d2488938b4"
                    }
                },
                "id": "3f50876c-2019-48b7-9835-f9d2488938b4",
                "uniqueName": "ZBC\\z091182",
                "imageUrl": "http://utmsdev0527:8080/tfs/DefaultCollection/_api/_common/identityImage?id=3f50876c-2019-48b7-9835-f9d2488938b4"
            },
            "variables": {
                
            },
            "variableGroups": [
                
            ],
            "preDeployApprovals": {
                "approvals": [
                    {
                        "rank": 1,
                        "isAutomated": true,
                        "isNotificationOn": false,
                        "id": 1
                    }
                ],
                "approvalOptions": {
                    "requiredApproverCount": null,
                    "releaseCreatorCanBeApprover": false,
                    "autoTriggeredAndPreviousEnvironmentApprovedCanBeSkipped": false,
                    "enforceIdentityRevalidation": false,
                    "timeoutInMinutes": 0,
                    "executionOrder": "beforeGates"
                }
            },
            "deployStep": {
                "id": 2
            },
            "postDeployApprovals": {
                "approvals": [
                    {
                        "rank": 1,
                        "isAutomated": true,
                        "isNotificationOn": false,
                        "id": 3
                    }
                ],
                "approvalOptions": {
                    "requiredApproverCount": null,
                    "releaseCreatorCanBeApprover": false,
                    "autoTriggeredAndPreviousEnvironmentApprovedCanBeSkipped": false,
                    "enforceIdentityRevalidation": false,
                    "timeoutInMinutes": 0,
                    "executionOrder": "afterSuccessfulGates"
                }
            },
            "deployPhases": [
                {
                    "deploymentInput": {
                        "parallelExecution": {
                            "parallelExecutionType": "none"
                        },
                        "skipArtifactsDownload": false,
                        "artifactsDownloadInput": {
                            "downloadInputs": [
                                
                            ]
                        },
                        "queueId": 4,
                        "demands": [
                            
                        ],
                        "enableAccessToken": false,
                        "timeoutInMinutes": 0,
                        "jobCancelTimeoutInMinutes": 1,
                        "condition": "succeeded()",
                        "overrideInputs": {
                            
                        }
                    },
                    "rank": 1,
                    "phaseType": "agentBasedDeployment",
                    "name": "Agent phase",
                    "workflowTasks": [
                        {
                            "taskId": "589dce45-4881-4410-bcf0-1afbd0fc0f65",
                            "version": "6.*",
                            "name": "XL Deploy - Import and Deploy",
                            "refName": "",
                            "enabled": true,
                            "alwaysRun": false,
                            "continueOnError": false,
                            "timeoutInMinutes": 0,
                            "definitionType": "task",
                            "overrideInputs": {
                                
                            },
                            "condition": "succeeded()",
                            "inputs": {
                                "connectedServiceName": "8c4b20d7-edcb-4d61-ad68-62c2e2e27fa0",
                                "artifactLocation": "Container",
                                "targetPath": "$(System.ArtifactsDirectory)/$(Build.DefinitionName)/drop/Package.dar",
                                "targetEnvironment": "Environments/Zions Tools Project/readiness/TEST",
                                "rollback": "false"
                            }
                        }
                    ]
                }
            ],
            "environmentOptions": {
                "emailNotificationType": "OnlyOnFailure",
                "emailRecipients": "release.environment.owner;release.creator",
                "skipArtifactsDownload": false,
                "timeoutInMinutes": 0,
                "enableAccessToken": false,
                "publishDeploymentStatus": true,
                "badgeEnabled": false,
                "autoLinkWorkItems": false
            },
            "demands": [
                
            ],
            "conditions": [
                {
                    "name": "ReleaseStarted",
                    "conditionType": "event",
                    "value": ""
                }
            ],
            "executionPolicy": {
                "concurrencyCount": 1,
                "queueDepthCount": 0
            },
            "schedules": [
                
            ],
            "retentionPolicy": {
                "daysToKeep": 30,
                "releasesToKeep": 3,
                "retainBuild": true
            },
            "processParameters": {
                
            },
            "properties": {
                
            },
            "preDeploymentGates": {
                "id": 0,
                "gatesOptions": null,
                "gates": [
                    
                ]
            },
            "postDeploymentGates": {
                "id": 0,
                "gatesOptions": null,
                "gates": [
                    
                ]
            },
            "badgeUrl": "http://localhost:8080/tfs/defaultcollection/_apis/public/Release/badge/4f9d558a-5a3f-483e-9c9c-7b7f9532e925/1/1"
        },
        {
            "id": 2,
            "name": "STAGING",
            "rank": 2,
            "owner": {
                "displayName": "Eric Amundson",
                "url": "http://localhost:8080/tfs/defaultcollection/_apis/Identities/3f50876c-2019-48b7-9835-f9d2488938b4",
                "_links": {
                    "avatar": {
                        "href": "http://utmsdev0527:8080/tfs/DefaultCollection/_api/_common/identityImage?id=3f50876c-2019-48b7-9835-f9d2488938b4"
                    }
                },
                "id": "3f50876c-2019-48b7-9835-f9d2488938b4",
                "uniqueName": "ZBC\\z091182",
                "imageUrl": "http://utmsdev0527:8080/tfs/DefaultCollection/_api/_common/identityImage?id=3f50876c-2019-48b7-9835-f9d2488938b4"
            },
            "variables": {
                
            },
            "variableGroups": [
                
            ],
            "preDeployApprovals": {
                "approvals": [
                    {
                        "rank": 1,
                        "isAutomated": true,
                        "isNotificationOn": false,
                        "id": 4
                    }
                ],
                "approvalOptions": {
                    "requiredApproverCount": null,
                    "releaseCreatorCanBeApprover": false,
                    "autoTriggeredAndPreviousEnvironmentApprovedCanBeSkipped": false,
                    "enforceIdentityRevalidation": false,
                    "timeoutInMinutes": 0,
                    "executionOrder": "beforeGates"
                }
            },
            "deployStep": {
                "id": 5
            },
            "postDeployApprovals": {
                "approvals": [
                    {
                        "rank": 1,
                        "isAutomated": true,
                        "isNotificationOn": false,
                        "id": 6
                    }
                ],
                "approvalOptions": {
                    "requiredApproverCount": null,
                    "releaseCreatorCanBeApprover": false,
                    "autoTriggeredAndPreviousEnvironmentApprovedCanBeSkipped": false,
                    "enforceIdentityRevalidation": false,
                    "timeoutInMinutes": 0,
                    "executionOrder": "afterSuccessfulGates"
                }
            },
            "deployPhases": [
                {
                    "deploymentInput": {
                        "parallelExecution": {
                            "parallelExecutionType": "none"
                        },
                        "skipArtifactsDownload": false,
                        "artifactsDownloadInput": {
                            "downloadInputs": [
                                
                            ]
                        },
                        "queueId": 4,
                        "demands": [
                            
                        ],
                        "enableAccessToken": false,
                        "timeoutInMinutes": 0,
                        "jobCancelTimeoutInMinutes": 1,
                        "condition": "succeeded()",
                        "overrideInputs": {
                            
                        }
                    },
                    "rank": 1,
                    "phaseType": "agentBasedDeployment",
                    "name": "Agent phase",
                    "workflowTasks": [
                        {
                            "taskId": "589dce45-4881-4410-bcf0-1afbd0fc0f65",
                            "version": "6.*",
                            "name": "XL Deploy - Import and Deploy",
                            "refName": "",
                            "enabled": true,
                            "alwaysRun": false,
                            "continueOnError": false,
                            "timeoutInMinutes": 0,
                            "definitionType": "task",
                            "overrideInputs": {
                                
                            },
                            "condition": "succeeded()",
                            "inputs": {
                                "connectedServiceName": "8c4b20d7-edcb-4d61-ad68-62c2e2e27fa0",
                                "artifactLocation": "Container",
                                "targetPath": "\\\\my\\share\\$(Build.DefinitionName)\\$(Build.BuildNumber)",
                                "targetEnvironment": "Environments/Zions Tools Project/readiness/STAGING",
                                "rollback": "false"
                            }
                        },
                        {
                            "taskId": "aa4662df-b815-48a0-8a54-7ebc5bf9a67a",
                            "version": "1.*",
                            "name": "Starting",
                            "refName": "",
                            "enabled": true,
                            "alwaysRun": false,
                            "continueOnError": false,
                            "timeoutInMinutes": 0,
                            "definitionType": "task",
                            "overrideInputs": {
                                
                            },
                            "condition": "and(succeeded(), eq(variables['do.Release.Isolation'], 'true'))",
                            "inputs": {
                                "EnvironmentName": "STAGING",
                                "VersionPartToIncrement": "minor"
                            }
                        }
                    ]
                }
            ],
            "environmentOptions": {
                "emailNotificationType": "OnlyOnFailure",
                "emailRecipients": "release.environment.owner;release.creator",
                "skipArtifactsDownload": false,
                "timeoutInMinutes": 0,
                "enableAccessToken": false,
                "publishDeploymentStatus": true,
                "badgeEnabled": false,
                "autoLinkWorkItems": false
            },
            "demands": [
                
            ],
            "conditions": [
                {
                    "name": "ReleaseStarted",
                    "conditionType": "event",
                    "value": ""
                }
            ],
            "executionPolicy": {
                "concurrencyCount": 1,
                "queueDepthCount": 0
            },
            "schedules": [
                
            ],
            "retentionPolicy": {
                "daysToKeep": 30,
                "releasesToKeep": 3,
                "retainBuild": true
            },
            "processParameters": {
                
            },
            "properties": {
                
            },
            "preDeploymentGates": {
                "id": 0,
                "gatesOptions": null,
                "gates": [
                    
                ]
            },
            "postDeploymentGates": {
                "id": 0,
                "gatesOptions": null,
                "gates": [
                    
                ]
            },
            "badgeUrl": "http://localhost:8080/tfs/defaultcollection/_apis/public/Release/badge/4f9d558a-5a3f-483e-9c9c-7b7f9532e925/1/2"
        },
        {
            "id": 3,
            "name": "PRODUCTION",
            "rank": 3,
            "owner": {
                "displayName": "Eric Amundson",
                "url": "http://localhost:8080/tfs/defaultcollection/_apis/Identities/3f50876c-2019-48b7-9835-f9d2488938b4",
                "_links": {
                    "avatar": {
                        "href": "http://utmsdev0527:8080/tfs/DefaultCollection/_api/_common/identityImage?id=3f50876c-2019-48b7-9835-f9d2488938b4"
                    }
                },
                "id": "3f50876c-2019-48b7-9835-f9d2488938b4",
                "uniqueName": "ZBC\\z091182",
                "imageUrl": "http://utmsdev0527:8080/tfs/DefaultCollection/_api/_common/identityImage?id=3f50876c-2019-48b7-9835-f9d2488938b4"
            },
            "variables": {
                
            },
            "variableGroups": [
                
            ],
            "preDeployApprovals": {
                "approvals": [
                    {
                        "rank": 1,
                        "isAutomated": true,
                        "isNotificationOn": false,
                        "id": 7
                    }
                ],
                "approvalOptions": {
                    "requiredApproverCount": null,
                    "releaseCreatorCanBeApprover": false,
                    "autoTriggeredAndPreviousEnvironmentApprovedCanBeSkipped": false,
                    "enforceIdentityRevalidation": false,
                    "timeoutInMinutes": 0,
                    "executionOrder": "beforeGates"
                }
            },
            "deployStep": {
                "id": 8
            },
            "postDeployApprovals": {
                "approvals": [
                    {
                        "rank": 1,
                        "isAutomated": true,
                        "isNotificationOn": false,
                        "id": 9
                    }
                ],
                "approvalOptions": {
                    "requiredApproverCount": null,
                    "releaseCreatorCanBeApprover": false,
                    "autoTriggeredAndPreviousEnvironmentApprovedCanBeSkipped": false,
                    "enforceIdentityRevalidation": false,
                    "timeoutInMinutes": 0,
                    "executionOrder": "afterSuccessfulGates"
                }
            },
            "deployPhases": [
                {
                    "deploymentInput": {
                        "parallelExecution": {
                            "parallelExecutionType": "none"
                        },
                        "skipArtifactsDownload": false,
                        "artifactsDownloadInput": {
                            "downloadInputs": [
                                
                            ]
                        },
                        "queueId": 4,
                        "demands": [
                            
                        ],
                        "enableAccessToken": false,
                        "timeoutInMinutes": 0,
                        "jobCancelTimeoutInMinutes": 1,
                        "condition": "succeeded()",
                        "overrideInputs": {
                            
                        }
                    },
                    "rank": 1,
                    "phaseType": "agentBasedDeployment",
                    "name": "Agent phase",
                    "workflowTasks": [
                        {
                            "taskId": "589dce45-4881-4410-bcf0-1afbd0fc0f65",
                            "version": "6.*",
                            "name": "XL Deploy - Import and Deploy",
                            "refName": "",
                            "enabled": true,
                            "alwaysRun": false,
                            "continueOnError": false,
                            "timeoutInMinutes": 0,
                            "definitionType": "task",
                            "overrideInputs": {
                                
                            },
                            "condition": "succeeded()",
                            "inputs": {
                                "connectedServiceName": "8c4b20d7-edcb-4d61-ad68-62c2e2e27fa0",
                                "artifactLocation": "Container",
                                "targetPath": "\\\\my\\share\\$(Build.DefinitionName)\\$(Build.BuildNumber)",
                                "targetEnvironment": "Environments/Zions Tools Project/readiness/PRODUCTION",
                                "rollback": "false"
                            }
                        },
                        {
                            "taskId": "cad9edc4-abc6-49e4-825c-fe1b84334c2e",
                            "version": "1.*",
                            "name": "Finishing",
                            "refName": "",
                            "enabled": true,
                            "alwaysRun": false,
                            "continueOnError": false,
                            "timeoutInMinutes": 0,
                            "definitionType": "task",
                            "overrideInputs": {
                                
                            },
                            "condition": "succeeded()",
                            "inputs": {
                                "EnvironmentName": "PRODUCTION",
                                "VersionPartToIncrement": "minor"
                            }
                        }
                    ]
                }
            ],
            "environmentOptions": {
                "emailNotificationType": "OnlyOnFailure",
                "emailRecipients": "release.environment.owner;release.creator",
                "skipArtifactsDownload": false,
                "timeoutInMinutes": 0,
                "enableAccessToken": false,
                "publishDeploymentStatus": true,
                "badgeEnabled": false,
                "autoLinkWorkItems": false
            },
            "demands": [
                
            ],
            "conditions": [
                {
                    "name": "ReleaseStarted",
                    "conditionType": "event",
                    "value": ""
                }
            ],
            "executionPolicy": {
                "concurrencyCount": 1,
                "queueDepthCount": 0
            },
            "schedules": [
                
            ],
            "retentionPolicy": {
                "daysToKeep": 30,
                "releasesToKeep": 3,
                "retainBuild": true
            },
            "processParameters": {
                
            },
            "properties": {
                
            },
            "preDeploymentGates": {
                "id": 0,
                "gatesOptions": null,
                "gates": [
                    
                ]
            },
            "postDeploymentGates": {
                "id": 0,
                "gatesOptions": null,
                "gates": [
                    
                ]
            },
            "badgeUrl": "http://localhost:8080/tfs/defaultcollection/_apis/public/Release/badge/4f9d558a-5a3f-483e-9c9c-7b7f9532e925/1/3"
        }
    ],
    "artifacts": [
        {
            "sourceId": "4f9d558a-5a3f-483e-9c9c-7b7f9532e925:9",
            "type": "Build",
            "alias": "readiness-Release",
            "definitionReference": {
                "artifactSourceDefinitionUrl": {
                    "id": "http://utmsdev0527:8080/tfs/_permalink/_build/index?collectionId=66f2d84a-3301-4b68-b2fc-19432702b3df&projectId=4f9d558a-5a3f-483e-9c9c-7b7f9532e925&definitionId=9",
                    "name": ""
                },
                "defaultVersionBranch": {
                    "id": "",
                    "name": ""
                },
                "defaultVersionSpecific": {
                    "id": "",
                    "name": ""
                },
                "defaultVersionTags": {
                    "id": "",
                    "name": ""
                },
                "defaultVersionType": {
                    "id": "latestType",
                    "name": "Latest"
                },
                "definition": {
                    "id": "9",
                    "name": "readiness-Release"
                },
                "project": {
                    "id": "4f9d558a-5a3f-483e-9c9c-7b7f9532e925",
                    "name": "Zions Tools Project"
                }
            },
            "isPrimary": true
        }
    ],
    "triggers": [
        
    ],
    "releaseNameFormat": "Release-$(rev:r)",
    "url": "http://utmsdev0527:8080/tfs/DefaultCollection/4f9d558a-5a3f-483e-9c9c-7b7f9532e925/_apis/Release/definitions/1",
    "_links": {
        "self": {
            "href": "http://utmsdev0527:8080/tfs/DefaultCollection/4f9d558a-5a3f-483e-9c9c-7b7f9532e925/_apis/Release/definitions/1"
        },
        "web": {
            "href": "http://utmsdev0527:8080/tfs/DefaultCollection/4f9d558a-5a3f-483e-9c9c-7b7f9532e925/_release?definitionId=1"
        }
    },
    "tags": [
        
    ],
    "properties": {
        "DefinitionCreationSource": {
            "$type": "System.String",
            "$value": "ReleaseNew"
        },
        "System.EnvironmentRankLogicVersion": {
            "$type": "System.String",
            "$value": "2"
        }
    }
}