{ "updates":[{"PermissionId":1,"PermissionBit":4,"NamespaceId":"2e9eb7ed-3c0a-47d4-87c1-0ffdd275fd87","Token":"repoV2/4f9d558a-5a3f-483e-9c9c-7b7f9532e925/609b8c74-0ef2-4c6b-8330-27640f0f38bf/"},{"PermissionId":1,"PermissionBit":16384,"NamespaceId":"2e9eb7ed-3c0a-47d4-87c1-0ffdd275fd87","Token":"repoV2/4f9d558a-5a3f-483e-9c9c-7b7f9532e925/609b8c74-0ef2-4c6b-8330-27640f0f38bf/"},{"PermissionId":1,"PermissionBit":16,"NamespaceId":"2e9eb7ed-3c0a-47d4-87c1-0ffdd275fd87","Token":"repoV2/4f9d558a-5a3f-483e-9c9c-7b7f9532e925/609b8c74-0ef2-4c6b-8330-27640f0f38bf/"},{"PermissionId":1,"PermissionBit":2048,"NamespaceId":"2e9eb7ed-3c0a-47d4-87c1-0ffdd275fd87","Token":"repoV2/4f9d558a-5a3f-483e-9c9c-7b7f9532e925/609b8c74-0ef2-4c6b-8330-27640f0f38bf/"},{"PermissionId":1,"PermissionBit":64,"NamespaceId":"2e9eb7ed-3c0a-47d4-87c1-0ffdd275fd87","Token":"repoV2/4f9d558a-5a3f-483e-9c9c-7b7f9532e925/609b8c74-0ef2-4c6b-8330-27640f0f38bf/"}] }